gauge_id,n_days,nse
01013500,12327,0.9940615296363831
01022500,12327,0.8532519340515137
01030500,12327,0.9886338114738464
