{
  "model": "TimesFM 2.5 (200M) PyTorch",
  "input": {
    "source": "NOAA GISTEMP Global Temperature Anomaly",
    "n_observations": 36,
    "date_range": "2022-01 to 2024-12",
    "mean_anomaly_c": 1.09
  },
  "forecast": {
    "horizon": 12,
    "dates": [
      "2025-01",
      "2025-02",
      "2025-03",
      "2025-04",
      "2025-05",
      "2025-06",
      "2025-07",
      "2025-08",
      "2025-09",
      "2025-10",
      "2025-11",
      "2025-12"
    ],
    "point": [
      1.2223773002624512,
      1.2563583850860596,
      1.2864768505096436,
      1.240488052368164,
      1.2026376724243164,
      1.210019826889038,
      1.2253108024597168,
      1.2421810626983643,
      1.2697350978851318,
      1.2496668100357056,
      1.2135264873504639,
      1.203413963317871
    ],
    "quantiles": {
      "10%": [
        1.2215940952301025,
        1.2502015829086304,
        1.281691551208496,
        1.2406753301620483,
        1.1969141960144043,
        1.1963895559310913,
        1.2151250839233398,
        1.2292914390563965,
        1.2603163719177246,
        1.243621826171875,
        1.2031629085540771,
        1.1867241859436035
      ],
      "20%": [
        1.1350746154785156,
        1.157677173614502,
        1.1729846000671387,
        1.1257412433624268,
        1.0786266326904297,
        1.0834217071533203,
        1.0924453735351562,
        1.1073081493377686,
        1.1255403757095337,
        1.0963821411132812,
        1.0529099702835083,
        1.0321147441864014
      ],
      "30%": [
        1.1696021556854248,
        1.1920280456542969,
        1.215313196182251,
        1.168169379234314,
        1.127342939376831,
        1.1324459314346313,
        1.1443555355072021,
        1.157200574874878,
        1.182023048400879,
        1.160630702972412,
        1.1199917793273926,
        1.104663372039795
      ],
      "40%": [
        1.190049648284912,
        1.2160255908966064,
        1.2431560754776,
        1.1970443725585938,
        1.156290054321289,
        1.1634671688079834,
        1.1734046936035156,
        1.1921260356903076,
        1.2180004119873047,
        1.1933834552764893,
        1.1550014019012451,
        1.1439086198806763
      ],
      "50%": [
        1.2082561254501343,
        1.2387614250183105,
        1.2653987407684326,
        1.2215758562088013,
        1.1784800291061401,
        1.188549280166626,
        1.2022541761398315,
        1.2166997194290161,
        1.2435383796691895,
        1.2222380638122559,
        1.18381667137146,
        1.1744840145111084
      ],
      "60%": [
        1.2223773002624512,
        1.2563583850860596,
        1.2864768505096436,
        1.240488052368164,
        1.2026376724243164,
        1.210019826889038,
        1.2253108024597168,
        1.2421810626983643,
        1.2697350978851318,
        1.2496668100357056,
        1.2135264873504639,
        1.203413963317871
      ],
      "70%": [
        1.2373344898223877,
        1.2746145725250244,
        1.3064990043640137,
        1.2639594078063965,
        1.226442575454712,
        1.2331923246383667,
        1.2481211423873901,
        1.2671339511871338,
        1.2964022159576416,
        1.2745531797409058,
        1.2410308122634888,
        1.2304599285125732
      ],
      "80%": [
        1.2566834688186646,
        1.2962430715560913,
        1.3280318975448608,
        1.286236047744751,
        1.2497813701629639,
        1.2577171325683594,
        1.2747812271118164,
        1.292902946472168,
        1.3215922117233276,
        1.3028759956359863,
        1.2673687934875488,
        1.2610958814620972
      ],
      "90%": [
        1.2745693922042847,
        1.3203343152999878,
        1.3557934761047363,
        1.3158020973205566,
        1.2794463634490967,
        1.2899761199951172,
        1.3076019287109375,
        1.325864315032959,
        1.3572858572006226,
        1.3378684520721436,
        1.3072729110717773,
        1.3018978834152222
      ],
      "99%": [
        1.3157047033309937,
        1.3584048748016357,
        1.4015650749206543,
        1.3650858402252197,
        1.3326408863067627,
        1.3403053283691406,
        1.362724781036377,
        1.379896879196167,
        1.4147154092788696,
        1.3995587825775146,
        1.3702839612960815,
        1.3658974170684814
      ]
    }
  },
  "summary": {
    "forecast_mean_c": 1.235,
    "forecast_max_c": 1.286,
    "forecast_min_c": 1.203,
    "vs_last_year_mean": -0.017
  }
}